{
	"class_name" : "PinholeCameraParameters",
	"extrinsic" : 
	[
		0.99923959638848803,
		-0.038990114251841103,
		-0.0,
		0.0,
		-0.038990114251841103,
		-0.99923959638848803,
		-0.0,
		0.0,
		0.0,
		-0.0,
		-1.0,
		0.0,
		-4.4083215109446661,
		4.195555171092364,
		48.42584396784455,
		1.0
	],
	"intrinsic" : 
	{
		"height" : 480,
		"intrinsic_matrix" : 
		[
			2743.2125526627224,
			0.0,
			0.0,
			0.0,
			2743.2125526627224,
			0.0,
			319.5,
			239.5,
			1.0
		],
		"width" : 640
	},
	"version_major" : 1,
	"version_minor" : 0
}