{
	"class_name" : "PinholeCameraParameters",
	"extrinsic" : 
	[
		1.0,
		-0.0,
		-0.0,
		0.0,
		0.0,
		-1.0,
		-0.0,
		0.0,
		0.0,
		-0.0,
		-1.0,
		0.0,
		-2.4957269283404,
		2.4969719099995338,
		4.4919591406626163,
		1.0
	],
	"intrinsic" : 
	{
		"height" : 480,
		"intrinsic_matrix" : 
		[
			240.00000000000003,
			0.0,
			0.0,
			0.0,
			240.00000000000003,
			0.0,
			319.5,
			239.5,
			1.0
		],
		"width" : 640
	},
	"version_major" : 1,
	"version_minor" : 0
}